[{"model": "contenttypes.contenttype", "pk": 1, "fields": {"app_label": "admin", "model": "logentry"}}, {"model": "contenttypes.contenttype", "pk": 2, "fields": {"app_label": "auth", "model": "permission"}}, {"model": "contenttypes.contenttype", "pk": 3, "fields": {"app_label": "auth", "model": "group"}}, {"model": "contenttypes.contenttype", "pk": 4, "fields": {"app_label": "auth", "model": "user"}}, {"model": "contenttypes.contenttype", "pk": 5, "fields": {"app_label": "contenttypes", "model": "contenttype"}}, {"model": "contenttypes.contenttype", "pk": 6, "fields": {"app_label": "sessions", "model": "session"}}, {"model": "contenttypes.contenttype", "pk": 7, "fields": {"app_label": "product", "model": "product"}}, {"model": "contenttypes.contenttype", "pk": 8, "fields": {"app_label": "product", "model": "category"}}, {"model": "contenttypes.contenttype", "pk": 9, "fields": {"app_label": "order", "model": "order"}}, {"model": "contenttypes.contenttype", "pk": 10, "fields": {"app_label": "order", "model": "productinorder"}}, {"model": "sessions.session", "pk": "1jgw4u6m85njkaqq8bbboicf5rizec76", "fields": {"session_data": "MDYzMTY5ZDk1ZTI1OGQxZjMzMjEzMDIxNDhiMjZjNDM0OGQ3Mjc1Zjp7Il9hdXRoX3VzZXJfaWQiOiIxIiwiX2F1dGhfdXNlcl9iYWNrZW5kIjoiZGphbmdvLmNvbnRyaWIuYXV0aC5iYWNrZW5kcy5Nb2RlbEJhY2tlbmQiLCJfYXV0aF91c2VyX2hhc2giOiIxYWQzOWRiY2ZkNjMyOGRhMmNiOGM1YWI4ZjJiZjU1ZmI3YTc1NGM3In0=", "expire_date": "2020-08-23T13:28:52.645Z"}}, {"model": "product.category", "pk": 1, "fields": {"name": "Nootebooks", "age_limit": true, "active": true, "description": null}}, {"model": "product.category", "pk": 2, "fields": {"name": "Smartphones", "age_limit": true, "active": true, "description": null}}, {"model": "product.category", "pk": 3, "fields": {"name": "Sport goods", "age_limit": true, "active": true, "description": null}}, {"model": "product.category", "pk": 4, "fields": {"name": "Tables", "age_limit": true, "active": true, "description": null}}, {"model": "product.category", "pk": 5, "fields": {"name": "softgoods", "age_limit": true, "active": true, "description": null}}, {"model": "product.category", "pk": 6, "fields": {"name": "books", "age_limit": true, "active": true, "description": "books for coder"}}, {"model": "order.order", "pk": 1, "fields": {"name": "\u0410\u043b\u044b\u0431\u0430\u0435\u0432 \u041e.\u0410.", "phone": "312323"}}, {"model": "order.productinorder", "pk": 1, "fields": {"order": 1, "product": 1, "added": "2020-08-09T11:28:49.626Z"}}, {"model": "order.productinorder", "pk": 2, "fields": {"order": 1, "product": 13, "added": "2020-08-09T11:28:49.626Z"}}, {"model": "auth.permission", "pk": 1, "fields": {"name": "Can add log entry", "content_type": 1, "codename": "add_logentry"}}, {"model": "auth.permission", "pk": 2, "fields": {"name": "Can change log entry", "content_type": 1, "codename": "change_logentry"}}, {"model": "auth.permission", "pk": 3, "fields": {"name": "Can delete log entry", "content_type": 1, "codename": "delete_logentry"}}, {"model": "auth.permission", "pk": 4, "fields": {"name": "Can view log entry", "content_type": 1, "codename": "view_logentry"}}, {"model": "auth.permission", "pk": 5, "fields": {"name": "Can add permission", "content_type": 2, "codename": "add_permission"}}, {"model": "auth.permission", "pk": 6, "fields": {"name": "Can change permission", "content_type": 2, "codename": "change_permission"}}, {"model": "auth.permission", "pk": 7, "fields": {"name": "Can delete permission", "content_type": 2, "codename": "delete_permission"}}, {"model": "auth.permission", "pk": 8, "fields": {"name": "Can view permission", "content_type": 2, "codename": "view_permission"}}, {"model": "auth.permission", "pk": 9, "fields": {"name": "Can add group", "content_type": 3, "codename": "add_group"}}, {"model": "auth.permission", "pk": 10, "fields": {"name": "Can change group", "content_type": 3, "codename": "change_group"}}, {"model": "auth.permission", "pk": 11, "fields": {"name": "Can delete group", "content_type": 3, "codename": "delete_group"}}, {"model": "auth.permission", "pk": 12, "fields": {"name": "Can view group", "content_type": 3, "codename": "view_group"}}, {"model": "auth.permission", "pk": 13, "fields": {"name": "Can add user", "content_type": 4, "codename": "add_user"}}, {"model": "auth.permission", "pk": 14, "fields": {"name": "Can change user", "content_type": 4, "codename": "change_user"}}, {"model": "auth.permission", "pk": 15, "fields": {"name": "Can delete user", "content_type": 4, "codename": "delete_user"}}, {"model": "auth.permission", "pk": 16, "fields": {"name": "Can view user", "content_type": 4, "codename": "view_user"}}, {"model": "auth.permission", "pk": 17, "fields": {"name": "Can add content type", "content_type": 5, "codename": "add_contenttype"}}, {"model": "auth.permission", "pk": 18, "fields": {"name": "Can change content type", "content_type": 5, "codename": "change_contenttype"}}, {"model": "auth.permission", "pk": 19, "fields": {"name": "Can delete content type", "content_type": 5, "codename": "delete_contenttype"}}, {"model": "auth.permission", "pk": 20, "fields": {"name": "Can view content type", "content_type": 5, "codename": "view_contenttype"}}, {"model": "auth.permission", "pk": 21, "fields": {"name": "Can add session", "content_type": 6, "codename": "add_session"}}, {"model": "auth.permission", "pk": 22, "fields": {"name": "Can change session", "content_type": 6, "codename": "change_session"}}, {"model": "auth.permission", "pk": 23, "fields": {"name": "Can delete session", "content_type": 6, "codename": "delete_session"}}, {"model": "auth.permission", "pk": 24, "fields": {"name": "Can view session", "content_type": 6, "codename": "view_session"}}, {"model": "auth.permission", "pk": 25, "fields": {"name": "Can add products", "content_type": 7, "codename": "add_products"}}, {"model": "auth.permission", "pk": 26, "fields": {"name": "Can change products", "content_type": 7, "codename": "change_products"}}, {"model": "auth.permission", "pk": 27, "fields": {"name": "Can delete products", "content_type": 7, "codename": "delete_products"}}, {"model": "auth.permission", "pk": 28, "fields": {"name": "Can view products", "content_type": 7, "codename": "view_products"}}, {"model": "auth.permission", "pk": 29, "fields": {"name": "Can add \u043a\u0430\u0442\u0435\u0433\u043e\u0440\u0438\u044f", "content_type": 8, "codename": "add_category"}}, {"model": "auth.permission", "pk": 30, "fields": {"name": "Can change \u043a\u0430\u0442\u0435\u0433\u043e\u0440\u0438\u044f", "content_type": 8, "codename": "change_category"}}, {"model": "auth.permission", "pk": 31, "fields": {"name": "Can delete \u043a\u0430\u0442\u0435\u0433\u043e\u0440\u0438\u044f", "content_type": 8, "codename": "delete_category"}}, {"model": "auth.permission", "pk": 32, "fields": {"name": "Can view \u043a\u0430\u0442\u0435\u0433\u043e\u0440\u0438\u044f", "content_type": 8, "codename": "view_category"}}, {"model": "auth.permission", "pk": 33, "fields": {"name": "Can add \u041f\u0440\u043e\u0434\u0443\u043a\u0442", "content_type": 7, "codename": "add_product"}}, {"model": "auth.permission", "pk": 34, "fields": {"name": "Can change \u041f\u0440\u043e\u0434\u0443\u043a\u0442", "content_type": 7, "codename": "change_product"}}, {"model": "auth.permission", "pk": 35, "fields": {"name": "Can delete \u041f\u0440\u043e\u0434\u0443\u043a\u0442", "content_type": 7, "codename": "delete_product"}}, {"model": "auth.permission", "pk": 36, "fields": {"name": "Can view \u041f\u0440\u043e\u0434\u0443\u043a\u0442", "content_type": 7, "codename": "view_product"}}, {"model": "auth.permission", "pk": 37, "fields": {"name": "Can add order", "content_type": 9, "codename": "add_order"}}, {"model": "auth.permission", "pk": 38, "fields": {"name": "Can change order", "content_type": 9, "codename": "change_order"}}, {"model": "auth.permission", "pk": 39, "fields": {"name": "Can delete order", "content_type": 9, "codename": "delete_order"}}, {"model": "auth.permission", "pk": 40, "fields": {"name": "Can view order", "content_type": 9, "codename": "view_order"}}, {"model": "auth.permission", "pk": 41, "fields": {"name": "Can add product in order", "content_type": 10, "codename": "add_productinorder"}}, {"model": "auth.permission", "pk": 42, "fields": {"name": "Can change product in order", "content_type": 10, "codename": "change_productinorder"}}, {"model": "auth.permission", "pk": 43, "fields": {"name": "Can delete product in order", "content_type": 10, "codename": "delete_productinorder"}}, {"model": "auth.permission", "pk": 44, "fields": {"name": "Can view product in order", "content_type": 10, "codename": "view_productinorder"}}, {"model": "auth.user", "pk": 1, "fields": {"password": "pbkdf2_sha256$180000$LKYBN0vKYWaj$UlnAI06/LPYzghtwSSRD6lFN84s71gEVQJt1iNAl5is=", "last_login": "2020-08-09T13:28:52.533Z", "is_superuser": true, "username": "maksat9999", "first_name": "Maksat", "last_name": "Osmon", "email": "maksatosmonov@gmail.com", "is_staff": true, "is_active": true, "date_joined": "2020-07-08T12:56:25Z", "groups": [], "user_permissions": []}}, {"model": "auth.user", "pk": 2, "fields": {"password": "pbkdf2_sha256$180000$1yp2hMxsZcWz$Pq1MShQBR+SasM9mqQZ/eOanlOQTjcIin0aRf924FhE=", "last_login": "2020-07-20T12:27:49Z", "is_superuser": false, "username": "meerishka589", "first_name": "Meerim", "last_name": "Nazar", "email": "meerim@gmail.com", "is_staff": false, "is_active": true, "date_joined": "2020-07-14T14:23:18Z", "groups": [], "user_permissions": []}}, {"model": "auth.user", "pk": 3, "fields": {"password": "299390", "last_login": null, "is_superuser": false, "username": "Esen123", "first_name": "Esen", "last_name": "Shaket", "email": "esenshaket@gmail.com", "is_staff": false, "is_active": true, "date_joined": "2020-07-18T09:22:16Z", "groups": [], "user_permissions": []}}, {"model": "auth.user", "pk": 4, "fields": {"password": "pbkdf2_sha256$180000$5rY0mw33V77e$KK5j8+/B9DEu999WJzfGgSSBpYfyXD+8JiWZeoqdv1s=", "last_login": "2020-07-23T10:46:21.273Z", "is_superuser": false, "username": "mama", "first_name": "Chynara", "last_name": "Sagyn", "email": "mama@gmail.com", "is_staff": false, "is_active": true, "date_joined": "2020-07-23T10:46:07.422Z", "groups": [], "user_permissions": []}}, {"model": "auth.user", "pk": 5, "fields": {"password": "pbkdf2_sha256$180000$4cqXIZ0GlpVk$ZPY0YsnxpjoORbhvoYHewzQ/l73lh4PLLPNT/FdYbj0=", "last_login": null, "is_superuser": false, "username": "kaum", "first_name": "Kaum", "last_name": "Aman", "email": "kaum@gmail.com", "is_staff": false, "is_active": true, "date_joined": "2020-07-25T14:54:03.018Z", "groups": [], "user_permissions": []}}, {"model": "auth.user", "pk": 6, "fields": {"password": "pbkdf2_sha256$180000$UvwEHHVbFQED$anECIfNZgvEVz01TW9EdDFfi+3uvoMksZNiNRYXukdI=", "last_login": "2020-08-01T09:14:39.176Z", "is_superuser": false, "username": "merishka", "first_name": "merish", "last_name": "merish", "email": "merishka@gmail.com", "is_staff": false, "is_active": true, "date_joined": "2020-08-01T09:14:31.914Z", "groups": [], "user_permissions": []}}, {"model": "auth.user", "pk": 7, "fields": {"password": "pbkdf2_sha256$180000$H7mcZX772ZbN$dmVqO5qKmtpRUvJRfjCaKxYvYLTP0I9e3VYUfYyez1A=", "last_login": "2020-08-01T14:12:38.401Z", "is_superuser": false, "username": "meder", "first_name": "meder", "last_name": "omur", "email": "meder@gmail.com", "is_staff": false, "is_active": true, "date_joined": "2020-08-01T14:11:39.712Z", "groups": [], "user_permissions": []}}, {"model": "product.product", "pk": 1, "fields": {"name": "Iphone X", "user": 2, "category": 2, "description": "The iPhone X was Apple's flagship 10th anniversary iPhone featuring a 5.8-inch OLED display, facial recognition and 3D camera functionality, a glass body, and an A11 Bionic processor. Launched November 3, 2017, discontinued with the launch of the iPhone XR, XS, and XS Max.", "price": "900.00", "quantity": 0, "photo": "product_photo/913201720152AM_635_iphone_x.webp", "active": true, "deleted": true}}, {"model": "product.product", "pk": 2, "fields": {"name": "HP Pavilion Notebook Summary", "user": 1, "category": 1, "description": "HP Pavilion Notebook is a Windows 10 laptop with a 15.60-inch display. It is powered by a Core i7 processor and it comes with 8GB of RAM. it comes with 3 USB ports (1 x USB 2.0), HDMI Port, RJ45 (LAN) ports.", "price": "999.00", "quantity": 2, "photo": "product_photo/hp-15-e016tx-core-i5-3rd-gen-4-gb-1-tb-windows-8-2-gb-40539-large-1.jpg", "active": true, "deleted": true}}, {"model": "product.product", "pk": 3, "fields": {"name": "Xiaomi Mi 8 b", "user": 2, "category": 2, "description": "Xiaomi Mi 8 is a Smartphone Powered by MIUI 9 based on Android 8.1 Oreo, 12MP + 12MP dual rear camera with 4-axis OIS, Optical zoom, 4K video recording, dual tone LED flash, 20MP Front Camera and Fingerprint sensor.", "price": "300.00", "quantity": 2, "photo": "product_photo/xiaomi_mi8_664_blk_images_5462775432.jpg", "active": true, "deleted": true}}, {"model": "product.product", "pk": 4, "fields": {"name": "Iphone 6", "user": 2, "category": 2, "description": "We had high expectations of the iPhone 6 and it lived up to them in nearly every regard. The much-debated move to bigger screens has paid off, and although long-time users might experience a little awkwardness, there are definite benefits. Apple has also once again pulled off major improvements in speed while maintaining reasonable battery life and reducing the thickness of the device. The camera is extraordinarily good, especially in low light. On the downside, storage space is still limited, making the base 16GB model much less attractive than the more expensive 64GB and 128GB models.", "price": "300.00", "quantity": 0, "photo": "product_photo/SP706-iphone_6_plus-mul.png", "active": true, "deleted": false}}, {"model": "product.product", "pk": 5, "fields": {"name": "Xiaomi Redmi Note 9", "user": 3, "category": 2, "description": "\u0425\u0430\u0440\u0430\u043a\u0442\u0435\u0440\u0438\u0441\u0442\u0438\u043a\u0438:\t\u0412\u0441\u0435 \u0445\u0430\u0440\u0430\u043a\u0442\u0435\u0440\u0438\u0441\u0442\u0438\u043a\u0438\r\n\u041f\u0440\u043e\u0438\u0437\u0432\u043e\u0434\u0438\u0442\u0435\u043b\u044c\tXiaomi\r\n\u0426\u0432\u0435\u0442\tGreen\r\n\u041e\u043f\u0435\u0440\u0430\u0446\u0438\u043e\u043d\u043d\u0430\u044f \u0441\u0438\u0441\u0442\u0435\u043c\u0430\tMIUI V11 (Android 10)\r\n\u0414\u0430\u0442\u0430 \u0432\u044b\u043f\u0443\u0441\u043a\u0430\t\u041c\u0430\u0439 2020\r\n\u041f\u0430\u043c\u044f\u0442\u044c\t64 GB\r\n\u041f\u0440\u043e\u0446\u0435\u0441\u0441\u043e\u0440\t8-Core MediaTek Helio G85\r\n\u0413\u0430\u0440\u0430\u043d\u0442\u0438\u044f (\u043c\u0435\u0441\u044f\u0446\u0435\u0432)\t12", "price": "600.00", "quantity": 0, "photo": "product_photo/1Green.jpg", "active": true, "deleted": false}}, {"model": "product.product", "pk": 6, "fields": {"name": "The MacBook", "user": 3, "category": 2, "description": "Physical Characteristics. The MacBook is carved out of solid aluminum, thus giving it a distinctive look and a grayish-white hue. The MacBook Air in particular has a thin and light design. There are two versions of the MacBook Air: the 11-inch, with an 11.6-inch screen; and the 13-inch, with a 13.3-inch screen.", "price": "999.00", "quantity": 0, "photo": "product_photo/_109652867_apple_16-inch-macbook-pro_111319.jpg", "active": true, "deleted": false}}, {"model": "product.product", "pk": 7, "fields": {"name": "samsung butterfly", "user": 1, "category": 2, "description": "It also features a 4.60-inch touchscreen as its second display, with a resolution of 720x1680 pixels at a pixel density of 399 pixels per inch (ppi),. Samsung Galaxy Fold is powered by a 2.84GHz octa-core Qualcomm Snapdragon 855 processor. ... 4 aperture and a pixel size of 1.0-micron.", "price": "1900.00", "quantity": 0, "photo": "product_photo/\u0411\u0435\u0437_\u043d\u0430\u0437\u0432\u0430\u043d\u0438\u044f_1.jpg", "active": true, "deleted": false}}, {"model": "product.product", "pk": 8, "fields": {"name": "samsung galaxy", "user": 2, "category": 2, "description": "\u0421\u043c\u0430\u0440\u0442\u0444\u043e\u043d\u044b Samsung Galaxy S, Galaxy Fold, Galaxy Note, Galaxy A, Galaxy J: \u043e\u0431\u0437\u043e\u0440\u044b, \u043e\u0442\u0437\u044b\u0432\u044b, \u0446\u0435\u043d\u044b, \u0445\u0430\u0440\u0430\u043a\u0442\u0435\u0440\u0438\u0441\u0442\u0438\u043a\u0438, \u0432\u044b\u0431\u0440\u0430\u0442\u044c \u0438 \u0441\u0440\u0430\u0432\u043d\u0438\u0442\u044c \u043c\u043e\u0434\u0435\u043b\u0438. \u041a\u0443\u043f\u0438\u0442\u044c ...", "price": "9999.00", "quantity": 0, "photo": "product_photo/samsung.png", "active": true, "deleted": false}}, {"model": "product.product", "pk": 9, "fields": {"name": "Motorola Razr", "user": 2, "category": 2, "description": "\u041d\u0430\u043f\u043e\u043c\u043d\u0438\u043c, Samsung \u0437\u0430\u044f\u0432\u043b\u044f\u0435\u0442, \u0447\u0442\u043e Galaxy Fold \u0441\u043f\u043e\u0441\u043e\u0431\u0435\u043d \u0432\u044b\u0434\u0435\u0440\u0436\u0430\u0442\u044c 200 \u0442\u044b\u0441\u044f\u0447 \u0446\u0438\u043a\u043b\u043e\u0432 \u0441\u0433\u0438\u0431\u0430\u043d\u0438\u044f \u0438 \u0440\u0430\u0437\u0433\u0438\u0431\u0430\u043d\u0438\u044f. \u042d\u043a\u0441\u043f\u0435\u0440\u0438\u043c\u0435\u043d\u0442 \u0442\u043e\u0433\u043e \u0436\u0435 \u0440\u0435\u0441\u0443\u0440\u0441\u0430 CNET \u043f\u043e\u043a\u0430\u0437\u0430\u043b, \u0447\u0442\u043e \u043f\u0440\u0438\u043c\u0435\u0440\u043d\u043e \u0447\u0435\u0440\u0435\u0437 119 \u0442\u044b\u0441\u044f\u0447 \u0441\u0433\u0438\u0431\u0430\u043d\u0438\u0439 \u0443 Galaxy Fold \u043e\u0442\u043a\u0430\u0437\u0430\u043b\u0430 \u043f\u043e\u043b\u043e\u0432\u0438\u043d\u0430 \u0433\u0438\u0431\u043a\u043e\u0433\u043e \u0434\u0438\u0441\u043f\u043b\u0435\u044f. \u041e\u0434\u043d\u0430\u043a\u043e \u044d\u0442\u043e \u0432\u0441\u0435 \u0440\u0430\u0432\u043d\u043e \u0433\u043e\u0440\u0430\u0437\u0434\u043e \u043b\u0443\u0447\u0448\u0435, \u0447\u0435\u043c \u0440\u0435\u0437\u0443\u043b\u044c\u0442\u0430\u0442, \u043a\u043e\u0442\u043e\u0440\u044b\u0439 \u043f\u043e\u043a\u0430\u0437\u0430\u043b Motorola Razr 2019.", "price": "1500.00", "quantity": 0, "photo": "product_photo/motorola.jpg", "active": true, "deleted": false}}, {"model": "product.product", "pk": 10, "fields": {"name": "\u041d\u043e\u0443\u0442\u0431\u0443\u043a\u0438 HP EliteBook", "user": 1, "category": 2, "description": "\u041d\u043e\u0443\u0442\u0431\u0443\u043a\u0438 HP EliteBook - \u0444\u0438\u0440\u043c\u0435\u043d\u043d\u044b\u0439 \u043c\u0430\u0433\u0430\u0437\u0438\u043d HPwww.tfk.ru \u203a \u041a\u0430\u0442\u0430\u043b\u043e\u0433 \u203a \u041a\u043e\u043c\u043f\u044c\u044e\u0442\u0435\u0440\u044b \u203a \u041d\u043e\u0443\u0442\u0431\u0443\u043a\u0438\r\n\u0412 \u043d\u043e\u0443\u0442\u0431\u0443\u043a\u0430\u0445 HP EliteBook \u0435\u0441\u0442\u044c \u0432\u0441\u0435 \u0447\u0442\u043e \u043d\u0443\u0436\u043d\u043e \u0431\u0438\u0437\u043d\u0435\u0441 \u043f\u043e\u043a\u0443\u043f\u0430\u0442\u0435\u043b\u044f\u043c, \u0438 \u0434\u0430\u0436\u0435 \u043d\u0435\u043c\u043d\u043e\u0433\u043e \u0431\u043e\u043b\u044c\u0448\u0435! \u0411\u0435\u0441\u043a\u043e\u043c\u043f\u0440\u043e\u043c\u0438\u0441\u0441\u043d\u043e\u0435 \u043a\u0430\u0447\u0435\u0441\u0442\u0432\u043e \u0438 \u043d\u0430\u0434\u0435\u0436\u043d\u043e\u0441\u0442\u044c, \u0448\u0438\u0440\u043e\u043a\u0438\u0439 ...", "price": "2000.00", "quantity": 0, "photo": "product_photo/hp.jpg", "active": true, "deleted": false}}, {"model": "product.product", "pk": 11, "fields": {"name": "Apple MacBook Pro 16\u201d", "user": 1, "category": 1, "description": "\u041d\u0430\u0447\u043d\u0435\u043c \u0441 \u043f\u043e\u0434\u0440\u043e\u0431\u043d\u043e\u0433\u043e \u0441\u043f\u0438\u0441\u043a\u0430 \u0442\u0435\u0445\u043d\u0438\u0447\u0435\u0441\u043a\u0438\u0445 \u0445\u0430\u0440\u0430\u043a\u0442\u0435\u0440\u0438\u0441\u0442\u0438\u043a \u0432\u0441\u0435\u0445 \u0432\u043e\u0437\u043c\u043e\u0436\u043d\u044b\u0445 \u043a\u043e\u043d\u0444\u0438\u0433\u0443\u0440\u0430\u0446\u0438\u0439 MacBook Pro 16\u2033 2019 \u0433\u043e\u0434\u0430. \u041e\u0442\u043b\u0438\u0447\u0430\u044e\u0449\u0438\u0435\u0441\u044f \u0445\u0430\u0440\u0430\u043a\u0442\u0435\u0440\u0438\u0441\u0442\u0438\u043a\u0438 \u0442\u0435\u0441\u0442\u043e\u0432\u043e\u0439 \u043c\u043e\u0434\u0435\u043b\u0438 \u043e\u0442\u043c\u0435\u0447\u0435\u043d\u044b \u0436\u0438\u0440\u043d\u044b\u043c \u0448\u0440\u0438\u0444\u0442\u043e\u043c.", "price": "1900.00", "quantity": 0, "photo": "product_photo/Apple16inchMacBookPro111319large.jpg", "active": true, "deleted": false}}, {"model": "product.product", "pk": 12, "fields": {"name": "iphone 11 pro", "user": 6, "category": 2, "description": "Get credit toward a new iPhone 11 Pro or iPhone 11 Pro Max when you trade in your current iPhone. Personal setup available. Buy now with free .", "price": "1200.00", "quantity": 0, "photo": "product_photo/\u0411\u0435\u0437_\u043d\u0430\u0437\u0432\u0430\u043d\u0438\u044f_EfK9wdc.jpg", "active": true, "deleted": false}}, {"model": "product.product", "pk": 13, "fields": {"name": "xiaomi band 5", "user": 1, "category": 3, "description": "Mi Smart Band 5 \u043e\u0442\u043b\u0438\u0447\u0430\u0435\u0442\u0441\u044f \u043e\u0442 \u043f\u0440\u0435\u0434\u044b\u0434\u0443\u0449\u0435\u0439 \u043c\u043e\u0434\u0435\u043b\u0438 Mi Band 4 \u0443\u0432\u0435\u043b\u0438\u0447\u0435\u043d\u043d\u044b\u043c \u0434\u043e 1,1 \u0434\u044e\u0439\u043c\u0430 AMOLED-\u0434\u0438\u0441\u043f\u043b\u0435\u0435\u043c. \u0415\u0449\u0435 Xiaomi \u043e\u0442\u043a\u0430\u0437\u0430\u043b\u0430\u0441\u044c \u043e\u0442 \u0434\u043e\u043a-\u0441\u0442\u0430\u043d\u0446\u0438\u0438 \u0432 \u043f\u043e\u043b\u044c\u0437\u0443 \u043c\u0430\u0433\u043d\u0438\u0442\u043d\u043e\u0439 \u0437\u0430\u0440\u044f\u0434\u043a\u0438, \u043a\u043e\u0442\u043e\u0440\u0430\u044f \u043f\u043e\u0434\u043a\u043b\u044e\u0447\u0430\u0435\u0442\u0441\u044f \u043a \u0441\u043f\u0435\u0446\u0438\u0430\u043b\u044c\u043d\u043e\u0439 \u043a\u043e\u043d\u0442\u0430\u043a\u0442\u043d\u043e\u0439 \u043f\u043b\u043e\u0449\u0430\u0434\u043a\u0435 \u0441 \u043d\u0438\u0436\u043d\u0435\u0439 \u0441\u0442\u043e\u0440\u043e\u043d\u044b \u0431\u0440\u0430\u0441\u043b\u0435\u0442\u0430. \u0422\u0435\u043f\u0435\u0440\u044c \u0434\u043b\u044f \u0437\u0430\u0440\u044f\u0434\u043a\u0438 \u043d\u0435 \u043d\u0443\u0436\u043d\u043e \u0432\u044b\u043d\u0438\u043c\u0430\u0442\u044c \u043a\u0430\u043f\u0441\u0443\u043b\u0443 \u0431\u0440\u0430\u0441\u043b\u0435\u0442\u0430 \u0438\u0437 \u0440\u0435\u043c\u0435\u0448\u043a\u0430.", "price": "30.00", "quantity": 0, "photo": "product_photo/\u0411\u0435\u0437_\u043d\u0430\u0437\u0432\u0430\u043d\u0438\u044f_1_Bi8cLIV.jpg", "active": true, "deleted": false}}, {"model": "product.product", "pk": 14, "fields": {"name": "Iphone 090909", "user": 1, "category": 2, "description": "", "price": "10.00", "quantity": 0, "photo": "", "active": true, "deleted": true}}, {"model": "product.product", "pk": 15, "fields": {"name": "Qcy t5 Xiomi  headphones", "user": null, "category": 3, "description": "", "price": "20.00", "quantity": 0, "photo": "product_photo/unnamed.jpg", "active": true, "deleted": false}}, {"model": "product.product", "pk": 16, "fields": {"name": "airpods pro", "user": null, "category": 3, "description": "", "price": "250.00", "quantity": 0, "photo": "product_photo/airpods.jpg", "active": true, "deleted": false}}, {"model": "product.product", "pk": 17, "fields": {"name": "Sony Vaio VPCCW21FD", "user": null, "category": 1, "description": "ProcessorIntel Core i3-330M 2 x 2.1 GHz, Arrandale\r\nGraphics adapterNVIDIA GeForce 310M\r\nDisplay14 inch 16:9, 1366 x 768 pixel, glossy: yes\r\nWeight2.4 kg ( = 84.66 oz / 5.29 pounds) ( = 0 oz / 0 pounds)\r\nPrice600 Euro", "price": "699.97", "quantity": 0, "photo": "product_photo/sonu.jpg", "active": true, "deleted": false}}, {"model": "product.product", "pk": 18, "fields": {"name": "apple", "user": null, "category": 1, "description": "Is Apple laptop easy to use? The biggest advantage of using Apple computers is memory protection. When processing graphics of more than 300M, the PC generally crashes, but when using Apple computers, there is no crash.", "price": "1200.00", "quantity": 0, "photo": "product_photo/apple.jpg", "active": true, "deleted": false}}, {"model": "product.product", "pk": 19, "fields": {"name": "Sony Vaio VPCCW21FD", "user": null, "category": 1, "description": "", "price": "700.00", "quantity": 0, "photo": "product_photo/sonu_Zi0aWc7.jpg", "active": true, "deleted": false}}, {"model": "product.product", "pk": 20, "fields": {"name": "apple", "user": null, "category": 1, "description": "Is Apple laptop easy to use? The biggest advantage of using Apple computers is memory protection. When processing graphics of more than 300M, the PC generally crashes, but when using Apple computers, there is no crash.", "price": "1200.00", "quantity": 0, "photo": "product_photo/apple_75SjDRx.jpg", "active": true, "deleted": false}}, {"model": "product.product", "pk": 21, "fields": {"name": "Qcy t5 Xiomi  headphones", "user": null, "category": 1, "description": "", "price": "20.00", "quantity": 0, "photo": "product_photo/apple_AW1k5sr.jpg", "active": true, "deleted": false}}, {"model": "product.product", "pk": 22, "fields": {"name": "airpods pro", "user": null, "category": 1, "description": "", "price": "250.00", "quantity": 0, "photo": "product_photo/airpods_kKm9jad.jpg", "active": true, "deleted": false}}, {"model": "product.product", "pk": 23, "fields": {"name": "Qcy t5 Xiomi  headphones", "user": null, "category": 1, "description": "DFSDF", "price": "20.00", "quantity": 0, "photo": "product_photo/sonu_CEHv5na.jpg", "active": true, "deleted": false}}, {"model": "product.product", "pk": 24, "fields": {"name": "airpods pro", "user": null, "category": 1, "description": "sd", "price": "10.00", "quantity": 0, "photo": "product_photo/unnamed_unoRB0G.jpg", "active": true, "deleted": false}}, {"model": "admin.logentry", "pk": 1, "fields": {"action_time": "2020-07-08T14:14:09.184Z", "user": 1, "content_type": 7, "object_id": "1", "object_repr": "Products object (1)", "action_flag": 1, "change_message": "[{\"added\": {}}]"}}, {"model": "admin.logentry", "pk": 2, "fields": {"action_time": "2020-07-08T14:18:02.190Z", "user": 1, "content_type": 7, "object_id": "2", "object_repr": "Products object (2)", "action_flag": 1, "change_message": "[{\"added\": {}}]"}}, {"model": "admin.logentry", "pk": 3, "fields": {"action_time": "2020-07-08T14:22:38.305Z", "user": 1, "content_type": 7, "object_id": "2", "object_repr": "Products object (2)", "action_flag": 2, "change_message": "[]"}}, {"model": "admin.logentry", "pk": 4, "fields": {"action_time": "2020-07-08T14:26:26.288Z", "user": 1, "content_type": 7, "object_id": "2", "object_repr": "Products object (2)", "action_flag": 2, "change_message": "[]"}}, {"model": "admin.logentry", "pk": 5, "fields": {"action_time": "2020-07-08T14:27:34.564Z", "user": 1, "content_type": 7, "object_id": "3", "object_repr": "Products object (3)", "action_flag": 1, "change_message": "[{\"added\": {}}]"}}, {"model": "admin.logentry", "pk": 6, "fields": {"action_time": "2020-07-08T14:40:45.108Z", "user": 1, "content_type": 7, "object_id": "3", "object_repr": "Products object (3)", "action_flag": 2, "change_message": "[{\"changed\": {\"fields\": [\"Photo\"]}}]"}}, {"model": "admin.logentry", "pk": 7, "fields": {"action_time": "2020-07-09T13:22:08.058Z", "user": 1, "content_type": 8, "object_id": "1", "object_repr": "Nootebooks", "action_flag": 1, "change_message": "[{\"added\": {}}]"}}, {"model": "admin.logentry", "pk": 8, "fields": {"action_time": "2020-07-09T13:22:20.125Z", "user": 1, "content_type": 8, "object_id": "2", "object_repr": "Smartphones", "action_flag": 1, "change_message": "[{\"added\": {}}]"}}, {"model": "admin.logentry", "pk": 9, "fields": {"action_time": "2020-07-09T13:22:32.694Z", "user": 1, "content_type": 7, "object_id": "3", "object_repr": "Xiaomi Mi 8", "action_flag": 2, "change_message": "[{\"changed\": {\"fields\": [\"Category\"]}}]"}}, {"model": "admin.logentry", "pk": 10, "fields": {"action_time": "2020-07-09T13:22:40.082Z", "user": 1, "content_type": 7, "object_id": "1", "object_repr": "Iphone X", "action_flag": 2, "change_message": "[{\"changed\": {\"fields\": [\"Category\"]}}]"}}, {"model": "admin.logentry", "pk": 11, "fields": {"action_time": "2020-07-09T13:22:47.605Z", "user": 1, "content_type": 7, "object_id": "2", "object_repr": "HP Pavilion Notebook Summary", "action_flag": 2, "change_message": "[{\"changed\": {\"fields\": [\"Category\"]}}]"}}, {"model": "admin.logentry", "pk": 12, "fields": {"action_time": "2020-07-10T09:03:58.833Z", "user": 1, "content_type": 7, "object_id": "3", "object_repr": "Xiaomi Mi 8", "action_flag": 2, "change_message": "[{\"changed\": {\"fields\": [\"Photo\"]}}]"}}, {"model": "admin.logentry", "pk": 13, "fields": {"action_time": "2020-07-10T09:04:31.048Z", "user": 1, "content_type": 7, "object_id": "2", "object_repr": "HP Pavilion Notebook Summary", "action_flag": 2, "change_message": "[{\"changed\": {\"fields\": [\"Photo\"]}}]"}}, {"model": "admin.logentry", "pk": 14, "fields": {"action_time": "2020-07-10T09:05:16.126Z", "user": 1, "content_type": 7, "object_id": "1", "object_repr": "Iphone X", "action_flag": 2, "change_message": "[{\"changed\": {\"fields\": [\"Photo\"]}}]"}}, {"model": "admin.logentry", "pk": 15, "fields": {"action_time": "2020-07-14T14:23:18.382Z", "user": 1, "content_type": 4, "object_id": "2", "object_repr": "meerim", "action_flag": 1, "change_message": "[{\"added\": {}}]"}}, {"model": "admin.logentry", "pk": 16, "fields": {"action_time": "2020-07-18T12:02:32.898Z", "user": 1, "content_type": 7, "object_id": "7", "object_repr": "samsung butterfly", "action_flag": 2, "change_message": "[{\"changed\": {\"fields\": [\"User\"]}}]"}}, {"model": "admin.logentry", "pk": 17, "fields": {"action_time": "2020-07-18T12:25:36.994Z", "user": 1, "content_type": 7, "object_id": "6", "object_repr": "The MacBook", "action_flag": 2, "change_message": "[{\"changed\": {\"fields\": [\"User\"]}}]"}}, {"model": "admin.logentry", "pk": 18, "fields": {"action_time": "2020-07-18T12:25:43.746Z", "user": 1, "content_type": 7, "object_id": "5", "object_repr": "Xiaomi Redmi Note 9", "action_flag": 2, "change_message": "[{\"changed\": {\"fields\": [\"User\"]}}]"}}, {"model": "admin.logentry", "pk": 19, "fields": {"action_time": "2020-07-18T12:25:49.758Z", "user": 1, "content_type": 7, "object_id": "4", "object_repr": "Iphone 6", "action_flag": 2, "change_message": "[{\"changed\": {\"fields\": [\"User\"]}}]"}}, {"model": "admin.logentry", "pk": 20, "fields": {"action_time": "2020-07-18T12:25:55.440Z", "user": 1, "content_type": 7, "object_id": "3", "object_repr": "Xiaomi Mi 8", "action_flag": 2, "change_message": "[{\"changed\": {\"fields\": [\"User\"]}}]"}}, {"model": "admin.logentry", "pk": 21, "fields": {"action_time": "2020-07-18T12:26:01.317Z", "user": 1, "content_type": 7, "object_id": "2", "object_repr": "HP Pavilion Notebook Summary", "action_flag": 2, "change_message": "[{\"changed\": {\"fields\": [\"User\"]}}]"}}, {"model": "admin.logentry", "pk": 22, "fields": {"action_time": "2020-07-18T12:26:06.926Z", "user": 1, "content_type": 7, "object_id": "1", "object_repr": "Iphone X", "action_flag": 2, "change_message": "[{\"changed\": {\"fields\": [\"User\"]}}]"}}, {"model": "admin.logentry", "pk": 23, "fields": {"action_time": "2020-07-18T12:28:03.049Z", "user": 1, "content_type": 7, "object_id": "1", "object_repr": "Iphone X", "action_flag": 2, "change_message": "[]"}}, {"model": "admin.logentry", "pk": 24, "fields": {"action_time": "2020-07-21T04:03:49.941Z", "user": 1, "content_type": 4, "object_id": "3", "object_repr": "Esen123", "action_flag": 2, "change_message": "[{\"changed\": {\"fields\": [\"Username\", \"Email address\"]}}]"}}, {"model": "admin.logentry", "pk": 25, "fields": {"action_time": "2020-07-21T04:04:19.142Z", "user": 1, "content_type": 4, "object_id": "2", "object_repr": "meerishka589", "action_flag": 2, "change_message": "[{\"changed\": {\"fields\": [\"Username\", \"First name\", \"Last name\", \"Email address\"]}}]"}}, {"model": "admin.logentry", "pk": 26, "fields": {"action_time": "2020-07-21T04:04:33.417Z", "user": 1, "content_type": 4, "object_id": "1", "object_repr": "maksat9999", "action_flag": 2, "change_message": "[{\"changed\": {\"fields\": [\"Username\", \"First name\", \"Last name\"]}}]"}}, {"model": "admin.logentry", "pk": 27, "fields": {"action_time": "2020-07-21T05:54:29.080Z", "user": 1, "content_type": 8, "object_id": "3", "object_repr": "Sport goods", "action_flag": 1, "change_message": "[{\"added\": {}}]"}}, {"model": "admin.logentry", "pk": 28, "fields": {"action_time": "2020-07-21T05:54:41.813Z", "user": 1, "content_type": 8, "object_id": "4", "object_repr": "Tables", "action_flag": 1, "change_message": "[{\"added\": {}}]"}}, {"model": "admin.logentry", "pk": 29, "fields": {"action_time": "2020-07-21T05:54:53.942Z", "user": 1, "content_type": 8, "object_id": "5", "object_repr": "softgoods", "action_flag": 1, "change_message": "[{\"added\": {}}]"}}, {"model": "admin.logentry", "pk": 30, "fields": {"action_time": "2020-08-01T14:16:43.891Z", "user": 1, "content_type": 8, "object_id": "6", "object_repr": "books", "action_flag": 1, "change_message": "[{\"added\": {}}]"}}, {"model": "admin.logentry", "pk": 31, "fields": {"action_time": "2020-08-09T11:28:49.626Z", "user": 1, "content_type": 9, "object_id": "1", "object_repr": "Order object (1)", "action_flag": 1, "change_message": "[{\"added\": {}}, {\"added\": {\"name\": \"product in order\", \"object\": \"ProductInOrder object (1)\"}}, {\"added\": {\"name\": \"product in order\", \"object\": \"ProductInOrder object (2)\"}}]"}}]